<?xml version="1.0" encoding="UTF-8"?>
<project-private xmlns="http://www.netbeans.org/ns/project-private/1">
    <editor-bookmarks xmlns="http://www.netbeans.org/ns/editor-bookmarks/2" lastBookmarkId="0"/>
    <open-files xmlns="http://www.netbeans.org/ns/projectui-open-files/2">
        <group>
            <file>file:/C:/Users/USER/Desktop/meaccicavalligare/src/garacavalli/GaraCavalli.java</file>
            <file>file:/C:/Users/USER/Desktop/meaccicavalligare/src/garacavalli/CavalliInGara.java</file>
            <file>file:/C:/Users/USER/Desktop/meaccicavalligare/src/garacavalli/Campo.java</file>
            <file>file:/C:/Users/USER/Desktop/meaccicavalligare/src/garacavalli/cavallo.jpg</file>
            <file>file:/C:/Users/USER/Desktop/meaccicavalligare/src/garacavalli/Cavallo.java</file>
            <file>file:/C:/Users/USER/Desktop/meaccicavalligare/src/garacavalli/NumeroCavalliPartenza.java</file>
        </group>
    </open-files>
</project-private>
